hash,proportion_wearing_masks,test_proportion_to_start,self_isolate_proportion,min_tests_daily_proportion,max_tests_daily_proportion,desired_positive_proportion,healthcare_capacity,speed
0a1451b56e04a9948dd9d7ce2a57e10c501944a5,0.286767578125,0.018701171875,0.540771484375,0.007090820312500002,0.035224609375,0.454541015625,54.58984375,0.0364794921875
f9deb64c6cc31df90bddf451c8e71e5ea27d266f,0.525830078125,0.018701171875,0.540771484375,0.007090820312500002,0.035224609375,0.454541015625,54.58984375,0.0364794921875
861948df43a63bdacce83efcf62156b52ba20c2c,0.286767578125,0.016240234375000002,0.540771484375,0.007090820312500002,0.035224609375,0.454541015625,54.58984375,0.0364794921875
1e88a56d76f61050790e0bc173b8dc48bb9fa16b,0.286767578125,0.018701171875,0.17221679687500002,0.007090820312500002,0.035224609375,0.454541015625,54.58984375,0.0364794921875
eda96a231012c4022f5a2472bb37d39610b64b1a,0.286767578125,0.018701171875,0.540771484375,0.0032939453125,0.035224609375,0.454541015625,54.58984375,0.0364794921875
5aaeab82eafd4f344e0b8f5f31b634c0a9a9dea7,0.286767578125,0.018701171875,0.540771484375,0.007090820312500002,0.024501953125000003,0.454541015625,54.58984375,0.0364794921875
a4a269a6b41de5abd3fc46e793b0c406e27fdcff,0.286767578125,0.018701171875,0.540771484375,0.007090820312500002,0.035224609375,0.198056640625,54.58984375,0.0364794921875
a4844142d894482c16ba014401df9afe652d84ea,0.286767578125,0.018701171875,0.540771484375,0.007090820312500002,0.035224609375,0.454541015625,64.35546875,0.0364794921875
94dfa4588cc0666e9ec34d9915350bde066e32b0,0.286767578125,0.018701171875,0.540771484375,0.007090820312500002,0.035224609375,0.454541015625,54.58984375,0.0179541015625
188133c881b8f92abd8733e0d6b1236520e3f7c1,0.286767578125,0.016240234375000002,0.17221679687500002,0.0032939453125,0.024501953125000003,0.198056640625,64.35546875,0.0179541015625
338d539e52f9b6c299943f95f07e11c34d6f57bf,0.525830078125,0.018701171875,0.17221679687500002,0.0032939453125,0.024501953125000003,0.198056640625,64.35546875,0.0179541015625
eb17e5c77fcc6138424d2c3f03bb49c53f70a703,0.525830078125,0.016240234375000002,0.540771484375,0.0032939453125,0.024501953125000003,0.198056640625,64.35546875,0.0179541015625
8fc56ed3cb4b8dbcf87c1682ec9f5b80fe1dca24,0.525830078125,0.016240234375000002,0.17221679687500002,0.007090820312500002,0.024501953125000003,0.198056640625,64.35546875,0.0179541015625
02925b60079467ccc15a6d8c961fe4b8d69284c1,0.525830078125,0.016240234375000002,0.17221679687500002,0.0032939453125,0.035224609375,0.198056640625,64.35546875,0.0179541015625
a62119dc53bcec6ee68c67ee2ea4006b8027428a,0.525830078125,0.016240234375000002,0.17221679687500002,0.0032939453125,0.024501953125000003,0.454541015625,64.35546875,0.0179541015625
75e04e4baf51f8e4bfb85710fc39a7e306e98216,0.525830078125,0.016240234375000002,0.17221679687500002,0.0032939453125,0.024501953125000003,0.198056640625,54.58984375,0.0179541015625
e3491839766f07c969eb71125c50ea5eeb794e31,0.525830078125,0.016240234375000002,0.17221679687500002,0.0032939453125,0.024501953125000003,0.198056640625,64.35546875,0.0364794921875
0bb2320a34a0067cd0f5df96046b1b6079907113,0.525830078125,0.016240234375000002,0.17221679687500002,0.0032939453125,0.024501953125000003,0.198056640625,64.35546875,0.0179541015625
46eab9610b0d760b4fbf0fe8430f999eff2f1d97,0.7117675781249999,0.063701171875,0.115771484375,0.0025908203125000005,0.080224609375,0.209541015625,104.58984375,0.0189794921875
0e37ab2362695088d32348a2b64333a42b5c1d82,0.100830078125,0.063701171875,0.115771484375,0.0025908203125000005,0.080224609375,0.209541015625,104.58984375,0.0189794921875
d68a6504bb4c2441884b52da36b5956dbb7417ea,0.7117675781249999,0.061240234375000015,0.115771484375,0.0025908203125000005,0.080224609375,0.209541015625,104.58984375,0.0189794921875
dc5931ad22831d9c8eeccd68011e4f58db014dd7,0.7117675781249999,0.063701171875,0.597216796875,0.0025908203125000005,0.080224609375,0.209541015625,104.58984375,0.0189794921875
d90b108ffbe6372e35bfaff94c1bbb5df2478fa9,0.7117675781249999,0.063701171875,0.115771484375,0.007793945312500002,0.080224609375,0.209541015625,104.58984375,0.0189794921875
f22c095fcdc3c99bf834c483942d796aa4cc99ea,0.7117675781249999,0.063701171875,0.115771484375,0.0025908203125000005,0.069501953125,0.209541015625,104.58984375,0.0189794921875
1a7835982a35bda576ac6bcaba49667e1bc91130,0.7117675781249999,0.063701171875,0.115771484375,0.0025908203125000005,0.080224609375,0.443056640625,104.58984375,0.0189794921875
9ae20a81deff616f09c904a538401c2e914b90b1,0.7117675781249999,0.063701171875,0.115771484375,0.0025908203125000005,0.080224609375,0.209541015625,114.35546875,0.0189794921875
fce8b0a42a787f5bd5e816c9bea56b63bf0d8737,0.7117675781249999,0.063701171875,0.115771484375,0.0025908203125000005,0.080224609375,0.209541015625,104.58984375,0.0354541015625
4bf19178f7ec9cdc98b81c884d428efbe0039373,0.7117675781249999,0.061240234375000015,0.597216796875,0.007793945312500002,0.069501953125,0.443056640625,114.35546875,0.0354541015625
9864f8b86f291497e4abd18107dc130e0aa6a736,0.100830078125,0.063701171875,0.597216796875,0.007793945312500002,0.069501953125,0.443056640625,114.35546875,0.0354541015625
814019376df1dff939e1c12ed574840194ebfc12,0.100830078125,0.061240234375000015,0.115771484375,0.007793945312500002,0.069501953125,0.443056640625,114.35546875,0.0354541015625
8b25321a624a1054973f1332767de9e8d8b0a90b,0.100830078125,0.061240234375000015,0.597216796875,0.0025908203125000005,0.069501953125,0.443056640625,114.35546875,0.0354541015625
2e69ebeca8f6d77cf554a6422cff53532bad0f3c,0.100830078125,0.061240234375000015,0.597216796875,0.007793945312500002,0.080224609375,0.443056640625,114.35546875,0.0354541015625
4084eb86455f4fcdef7b05c5a1d6d4dd13507367,0.100830078125,0.061240234375000015,0.597216796875,0.007793945312500002,0.069501953125,0.209541015625,114.35546875,0.0354541015625
678316380677f9a435c1614b690d8420f3ed7bf6,0.100830078125,0.061240234375000015,0.597216796875,0.007793945312500002,0.069501953125,0.443056640625,104.58984375,0.0354541015625
6735fef4d1c0d54b7fa14fe707ad9352c6fcecdf,0.100830078125,0.061240234375000015,0.597216796875,0.007793945312500002,0.069501953125,0.443056640625,114.35546875,0.0189794921875
68235f03d6fbf9e64216570fe65200b417edb3b1,0.100830078125,0.061240234375000015,0.597216796875,0.007793945312500002,0.069501953125,0.443056640625,114.35546875,0.0354541015625
9f2e8b05ee032bd5c4643c8b19721fb426470e50,0.924267578125,0.041201171875000005,0.7532714843749999,0.0093408203125,0.05772460937500001,0.087041015625,79.58984375,0.0102294921875
63c58624204433bd1728712dbb79e9e5bd6faa36,0.313330078125,0.041201171875000005,0.7532714843749999,0.0093408203125,0.05772460937500001,0.087041015625,79.58984375,0.0102294921875
407336a8db42cd812564a057f042f08101ac956e,0.924267578125,0.083740234375,0.7532714843749999,0.0093408203125,0.05772460937500001,0.087041015625,79.58984375,0.0102294921875
d96b756cfd623285bb867025382a9f2e051b1b8f,0.924267578125,0.041201171875000005,0.809716796875,0.0093408203125,0.05772460937500001,0.087041015625,79.58984375,0.0102294921875
01cc87046c92f80f124331340b79758f91827831,0.924267578125,0.041201171875000005,0.7532714843749999,0.0055439453125000005,0.05772460937500001,0.087041015625,79.58984375,0.0102294921875
7b2194b0331dc17c1ee9273641f975771faf1434,0.924267578125,0.041201171875000005,0.7532714843749999,0.0093408203125,0.04700195312500001,0.087041015625,79.58984375,0.0102294921875
045a21b996b39777e1c0d4e29e1a29a68069b856,0.924267578125,0.041201171875000005,0.7532714843749999,0.0093408203125,0.05772460937500001,0.07555664062499999,79.58984375,0.0102294921875
5b2be2cfc6dc298fd280013ae44d83e8e1c62c67,0.924267578125,0.041201171875000005,0.7532714843749999,0.0093408203125,0.05772460937500001,0.087041015625,139.35546875,0.0102294921875
565c9bd336286692e2c1c77948d4c0b113384741,0.924267578125,0.041201171875000005,0.7532714843749999,0.0093408203125,0.05772460937500001,0.087041015625,79.58984375,0.0092041015625
c0657a90853a7d85ca236051d5401e563ab661ba,0.924267578125,0.083740234375,0.809716796875,0.0055439453125000005,0.04700195312500001,0.07555664062499999,139.35546875,0.0092041015625
a6805762a6ba2c36f25a23af8741bee8d66c7fae,0.313330078125,0.041201171875000005,0.809716796875,0.0055439453125000005,0.04700195312500001,0.07555664062499999,139.35546875,0.0092041015625
426c6f96d6f03b7d1a314b779b8ca5e695a7420a,0.313330078125,0.083740234375,0.7532714843749999,0.0055439453125000005,0.04700195312500001,0.07555664062499999,139.35546875,0.0092041015625
5b863df492ed9726f02596afc0a7d5a489efb2d2,0.313330078125,0.083740234375,0.809716796875,0.0093408203125,0.04700195312500001,0.07555664062499999,139.35546875,0.0092041015625
9ddc4546a4505898576e069f08d1a3bba9aa9446,0.313330078125,0.083740234375,0.809716796875,0.0055439453125000005,0.05772460937500001,0.07555664062499999,139.35546875,0.0092041015625
a007789a67d855cdcc6268806e4e497d84fddd07,0.313330078125,0.083740234375,0.809716796875,0.0055439453125000005,0.04700195312500001,0.087041015625,139.35546875,0.0092041015625
4271b6cb736b79c89c5b133cbead5ac0ef8af4ee,0.313330078125,0.083740234375,0.809716796875,0.0055439453125000005,0.04700195312500001,0.07555664062499999,79.58984375,0.0092041015625
0caa5ef7adaea275cb601b8cd40cd331671a5e09,0.313330078125,0.083740234375,0.809716796875,0.0055439453125000005,0.04700195312500001,0.07555664062499999,139.35546875,0.0102294921875
eaa45930e75b12616411cea14923a8626657eaa3,0.313330078125,0.083740234375,0.809716796875,0.0055439453125000005,0.04700195312500001,0.07555664062499999,139.35546875,0.0092041015625
9e85fc2c3f00c9b0216d979c517a1cbc0181cf32,0.499267578125,0.08620117187500001,0.328271484375,0.004840820312500001,0.012724609375,0.332041015625,129.58984375,0.027729492187500003
90da4e1548a8374b44b3c342ad11c0c8dc381036,0.738330078125,0.08620117187500001,0.328271484375,0.004840820312500001,0.012724609375,0.332041015625,129.58984375,0.027729492187500003
cced0b805ce6dd4243e25095a81d6af49c186734,0.499267578125,0.038740234375,0.328271484375,0.004840820312500001,0.012724609375,0.332041015625,129.58984375,0.027729492187500003
05baa7b86328b62f6fcc567e0e7167b0aef2910d,0.499267578125,0.08620117187500001,0.384716796875,0.004840820312500001,0.012724609375,0.332041015625,129.58984375,0.027729492187500003
9577e11262768ab2e98857557d1a6e86c6ec0e76,0.499267578125,0.08620117187500001,0.328271484375,0.0010439453125,0.012724609375,0.332041015625,129.58984375,0.027729492187500003
1537a89351d0fd734c333146ffa71d889786ed2a,0.499267578125,0.08620117187500001,0.328271484375,0.004840820312500001,0.092001953125,0.332041015625,129.58984375,0.027729492187500003
7ab8441013cc3e93c21360470e8e28172f647ddb,0.499267578125,0.08620117187500001,0.328271484375,0.004840820312500001,0.012724609375,0.320556640625,129.58984375,0.027729492187500003
c3989f0d8f4fc67f1bfc9864b41fc0e23fbee927,0.499267578125,0.08620117187500001,0.328271484375,0.004840820312500001,0.012724609375,0.332041015625,89.35546875,0.027729492187500003
05c90707b8d781f4a491b746df4256edc8475757,0.499267578125,0.08620117187500001,0.328271484375,0.004840820312500001,0.012724609375,0.332041015625,129.58984375,0.0267041015625
f948177e78bf1808629abcd5da9e6dc049916113,0.499267578125,0.038740234375,0.384716796875,0.0010439453125,0.092001953125,0.320556640625,89.35546875,0.0267041015625
15792891eee6558c5d1963b053c4ca3d6dbd929d,0.738330078125,0.08620117187500001,0.384716796875,0.0010439453125,0.092001953125,0.320556640625,89.35546875,0.0267041015625
5e42b7a0d392e2f8047ee32929b9bf7c4056605c,0.738330078125,0.038740234375,0.328271484375,0.0010439453125,0.092001953125,0.320556640625,89.35546875,0.0267041015625
0dba7395dd20b371a0cf63ac5390a36f2fbe3671,0.738330078125,0.038740234375,0.384716796875,0.004840820312500001,0.092001953125,0.320556640625,89.35546875,0.0267041015625
7a63f5db2304ee4cb73e5fb683509d618adb6f10,0.738330078125,0.038740234375,0.384716796875,0.0010439453125,0.012724609375,0.320556640625,89.35546875,0.0267041015625
1350416d013e1d2d4b3ade0d73f5f83ac257dd00,0.738330078125,0.038740234375,0.384716796875,0.0010439453125,0.092001953125,0.332041015625,89.35546875,0.0267041015625
1b90e6ff57e6768c1453bc33ebcf7488f34176a7,0.738330078125,0.038740234375,0.384716796875,0.0010439453125,0.092001953125,0.320556640625,129.58984375,0.0267041015625
899bb7e6b7597242888eb431a58ab14ad8c2e464,0.738330078125,0.038740234375,0.384716796875,0.0010439453125,0.092001953125,0.320556640625,89.35546875,0.027729492187500003
8933dce0e8ca5260dc39a6d8802616e5d31d80e2,0.738330078125,0.038740234375,0.384716796875,0.0010439453125,0.092001953125,0.320556640625,89.35546875,0.0267041015625
9c6ac54f25cccf2210bc0adb8fc234a79a8f9092,0.393017578125,0.05245117187500002,0.222021484375,0.0037158203125,0.023974609375000004,0.393291015625,92.08984375,0.0058544921875
ff45ce32a4c8d9254b16eb305ba1ae0f0a074563,0.419580078125,0.05245117187500002,0.222021484375,0.0037158203125,0.023974609375000004,0.393291015625,92.08984375,0.0058544921875
b9b973d59d5b1a3a2c21128fddbdf5bf56a05128,0.393017578125,0.072490234375,0.222021484375,0.0037158203125,0.023974609375000004,0.393291015625,92.08984375,0.0058544921875
fa553ed35524db5f46b91281294e1f1eec99c955,0.393017578125,0.05245117187500002,0.915966796875,0.0037158203125,0.023974609375000004,0.393291015625,92.08984375,0.0058544921875
affe7e5b2e58f9cb98601b13806cc6219a02a524,0.393017578125,0.05245117187500002,0.222021484375,0.0021689453125,0.023974609375000004,0.393291015625,92.08984375,0.0058544921875
e1653f75ae00a88dcd8a7685f4a24aae45ad6707,0.393017578125,0.05245117187500002,0.222021484375,0.0037158203125,0.035751953125000006,0.393291015625,92.08984375,0.0058544921875
20b9cdfdc57b31f6c7ad692bfc42464356cacd38,0.393017578125,0.05245117187500002,0.222021484375,0.0037158203125,0.023974609375000004,0.381806640625,92.08984375,0.0058544921875
417ff1bd9bb573b610a75e8cb6cd87a13030c17c,0.393017578125,0.05245117187500002,0.222021484375,0.0037158203125,0.023974609375000004,0.393291015625,76.85546875,0.0058544921875
ca25fd9413b4884561a602ecc640dd0633ea6a12,0.393017578125,0.05245117187500002,0.222021484375,0.0037158203125,0.023974609375000004,0.393291015625,92.08984375,0.031079101562500006
96a08c188121cdc5e6a6783a0d55d3a668754fba,0.393017578125,0.072490234375,0.915966796875,0.0021689453125,0.035751953125000006,0.381806640625,76.85546875,0.031079101562500006
6a8d14a85663e7b2f8c946415563f549520e8cdd,0.419580078125,0.05245117187500002,0.915966796875,0.0021689453125,0.035751953125000006,0.381806640625,76.85546875,0.031079101562500006
7a10e5047667ea479924a98618a71f239546b5cc,0.419580078125,0.072490234375,0.222021484375,0.0021689453125,0.035751953125000006,0.381806640625,76.85546875,0.031079101562500006
f713947a2e0bdd56f36268c46f8fc636ed541928,0.419580078125,0.072490234375,0.915966796875,0.0037158203125,0.035751953125000006,0.381806640625,76.85546875,0.031079101562500006
ab901c32c45e7e0e0f065887753b7f485595eca2,0.419580078125,0.072490234375,0.915966796875,0.0021689453125,0.023974609375000004,0.381806640625,76.85546875,0.031079101562500006
efb5dddbedda74fbd9d6e2032bf5b99877dc0814,0.419580078125,0.072490234375,0.915966796875,0.0021689453125,0.035751953125000006,0.393291015625,76.85546875,0.031079101562500006
6fee3f3b468ff0798424add44a77f087d37e0e80,0.419580078125,0.072490234375,0.915966796875,0.0021689453125,0.035751953125000006,0.381806640625,92.08984375,0.031079101562500006
4229c0f0f8a26b07a0d04ce831765df2c7b308f0,0.419580078125,0.072490234375,0.915966796875,0.0021689453125,0.035751953125000006,0.381806640625,76.85546875,0.0058544921875
0f0fe764decfd57aaabda1de34a2b12cc3366939,0.419580078125,0.072490234375,0.915966796875,0.0021689453125,0.035751953125000006,0.381806640625,76.85546875,0.031079101562500006
74ed52e0d0af6b4b574bcb48cba1d1e78277130e,0.818017578125,0.097451171875,0.647021484375,0.0082158203125,0.06897460937500001,0.148291015625,142.08984375,0.023354492187500003
c766c4bbed847648b5c6055a51a44044941a7ed4,0.8445800781249999,0.097451171875,0.647021484375,0.0082158203125,0.06897460937500001,0.148291015625,142.08984375,0.023354492187500003
7015f026b0917d75738ba4e17f707fbefd6c9e15,0.818017578125,0.02749023437500001,0.647021484375,0.0082158203125,0.06897460937500001,0.148291015625,142.08984375,0.023354492187500003
998b8151b019d3875f2641106e862e5dead97020,0.818017578125,0.097451171875,0.490966796875,0.0082158203125,0.06897460937500001,0.148291015625,142.08984375,0.023354492187500003
312dfa1ae8821e6b5ea53ef737d42e5918d1a560,0.818017578125,0.097451171875,0.647021484375,0.006668945312500001,0.06897460937500001,0.148291015625,142.08984375,0.023354492187500003
7024016064a1845f57a7614b91157cfc0c028796,0.818017578125,0.097451171875,0.647021484375,0.0082158203125,0.080751953125,0.148291015625,142.08984375,0.023354492187500003
bedbfc3fb4018d9ba035d6b972cd2d2d8704f7fd,0.818017578125,0.097451171875,0.647021484375,0.0082158203125,0.06897460937500001,0.136806640625,142.08984375,0.023354492187500003
171dd3cf8f9c5a5f72a2b1676e1a3f15775df800,0.818017578125,0.097451171875,0.647021484375,0.0082158203125,0.06897460937500001,0.148291015625,126.85546875,0.023354492187500003
58b65321cb2994e8370a33b5e45a646b46d3bdb9,0.818017578125,0.097451171875,0.647021484375,0.0082158203125,0.06897460937500001,0.148291015625,142.08984375,0.0135791015625
586e8415c8b5186640a42762fc9465b02dbb4f68,0.818017578125,0.02749023437500001,0.490966796875,0.006668945312500001,0.080751953125,0.136806640625,126.85546875,0.0135791015625
2b156d427568652759aef90110b571b076f9702f,0.8445800781249999,0.097451171875,0.490966796875,0.006668945312500001,0.080751953125,0.136806640625,126.85546875,0.0135791015625
758b86f6720a02ee100d853a75473101ed739a65,0.8445800781249999,0.02749023437500001,0.647021484375,0.006668945312500001,0.080751953125,0.136806640625,126.85546875,0.0135791015625
d4bf566d9251c3fe5eb5c827be3d7328b3d27b01,0.8445800781249999,0.02749023437500001,0.490966796875,0.0082158203125,0.080751953125,0.136806640625,126.85546875,0.0135791015625
46f979bc7f821cb547eb8287c3fd73c72ceebf8e,0.8445800781249999,0.02749023437500001,0.490966796875,0.006668945312500001,0.06897460937500001,0.136806640625,126.85546875,0.0135791015625
b67e61ce4f3add1b5ceef91473e9ec4cc06ce21f,0.8445800781249999,0.02749023437500001,0.490966796875,0.006668945312500001,0.080751953125,0.148291015625,126.85546875,0.0135791015625
bce924788b80ab19aa672e090e1273ac339a18f5,0.8445800781249999,0.02749023437500001,0.490966796875,0.006668945312500001,0.080751953125,0.136806640625,142.08984375,0.0135791015625
f0d4a024dbb1f06d243f09c7e658cbac2cfef21a,0.8445800781249999,0.02749023437500001,0.490966796875,0.006668945312500001,0.080751953125,0.136806640625,126.85546875,0.023354492187500003
91ec1bac6d32e65c552846bea1e4dcc078dfeca8,0.8445800781249999,0.02749023437500001,0.490966796875,0.006668945312500001,0.080751953125,0.136806640625,126.85546875,0.0135791015625
3b347d04bcba018fc6b320c2b2c1f155753fe9d8,0.605517578125,0.029951171875,0.434521484375,0.0014658203125,0.091474609375,0.025791015625,67.08984375,0.0321044921875
257b87370b763f57c3f7747a1ea8dd333861a0af,0.632080078125,0.029951171875,0.434521484375,0.0014658203125,0.091474609375,0.025791015625,67.08984375,0.0321044921875
5422edbd9a65441978782addc92310f68efa4e25,0.605517578125,0.049990234375000005,0.434521484375,0.0014658203125,0.091474609375,0.025791015625,67.08984375,0.0321044921875
62d0d5f1da6fc9efcbf18b93b2ffcc4aa9047ffb,0.605517578125,0.029951171875,0.278466796875,0.0014658203125,0.091474609375,0.025791015625,67.08984375,0.0321044921875
4e97c6dfdfc7352f26066f3dd27a65d59db9987b,0.605517578125,0.029951171875,0.434521484375,0.008918945312500003,0.091474609375,0.025791015625,67.08984375,0.0321044921875
8398c830fc30e3a0202c65d390c86e07f9f35f14,0.605517578125,0.029951171875,0.434521484375,0.0014658203125,0.013251953125,0.025791015625,67.08984375,0.0321044921875
a6bee6baa4c671c081ed771f79cbb410b0228f89,0.605517578125,0.029951171875,0.434521484375,0.0014658203125,0.091474609375,0.259306640625,67.08984375,0.0321044921875
4e8273e3ea2a45e639447cd17e3c0905b7915b90,0.605517578125,0.029951171875,0.434521484375,0.0014658203125,0.091474609375,0.025791015625,101.85546875,0.0321044921875
16810e796b8532ee14db3e967fbae4bd80b4dc63,0.605517578125,0.029951171875,0.434521484375,0.0014658203125,0.091474609375,0.025791015625,67.08984375,0.0398291015625
d224f384dc37dc16888cc0bd242eb980d6daf1ac,0.605517578125,0.049990234375000005,0.278466796875,0.008918945312500003,0.013251953125,0.259306640625,101.85546875,0.0398291015625
956e7806f117009de09c48d310b3f91c80a33cd2,0.632080078125,0.029951171875,0.278466796875,0.008918945312500003,0.013251953125,0.259306640625,101.85546875,0.0398291015625
7dd81842211e5e88ec591e78edc8c8b039bc56b7,0.632080078125,0.049990234375000005,0.434521484375,0.008918945312500003,0.013251953125,0.259306640625,101.85546875,0.0398291015625
8a0950eb1e768930d19906b56a2c747197cebd40,0.632080078125,0.049990234375000005,0.278466796875,0.0014658203125,0.013251953125,0.259306640625,101.85546875,0.0398291015625
1c0206a163b1fafcee0b4b2ed35b23e051a22380,0.632080078125,0.049990234375000005,0.278466796875,0.008918945312500003,0.091474609375,0.259306640625,101.85546875,0.0398291015625
00956cd1d7b609d241198409b608ab569929d53b,0.632080078125,0.049990234375000005,0.278466796875,0.008918945312500003,0.013251953125,0.025791015625,101.85546875,0.0398291015625
313ab2fe31eae4ee23b8997349b72bb30e65fce8,0.632080078125,0.049990234375000005,0.278466796875,0.008918945312500003,0.013251953125,0.259306640625,67.08984375,0.0398291015625
78742f29f5bb0d35c05555630030d335ea6c78a0,0.632080078125,0.049990234375000005,0.278466796875,0.008918945312500003,0.013251953125,0.259306640625,101.85546875,0.0321044921875
5a7916a70e60d2f5ce10b8829316658acd1f0653,0.632080078125,0.049990234375000005,0.278466796875,0.008918945312500003,0.013251953125,0.259306640625,101.85546875,0.0398291015625
004ea0c8055877a271a8ba1da19d5a6e56d9bde1,0.180517578125,0.074951171875,0.859521484375,0.005965820312500001,0.046474609375,0.270791015625,117.08984375,0.014604492187500004
121c70cee1d0e52050f861cb4c2d1bff78deaa37,0.207080078125,0.074951171875,0.859521484375,0.005965820312500001,0.046474609375,0.270791015625,117.08984375,0.014604492187500004
8f156554bd4127c6f5851990721bea76bcdff465,0.180517578125,0.094990234375,0.859521484375,0.005965820312500001,0.046474609375,0.270791015625,117.08984375,0.014604492187500004
1016f8d51c0d858fb40b06ebfbbdbccdd9c2810c,0.180517578125,0.074951171875,0.7034667968749999,0.005965820312500001,0.046474609375,0.270791015625,117.08984375,0.014604492187500004
f74a9b919871c3171385dc978e2083bc66dd7ae2,0.180517578125,0.074951171875,0.859521484375,0.0044189453125,0.046474609375,0.270791015625,117.08984375,0.014604492187500004
facc16afbdbc86f812a523fc448c27f1b80171f3,0.180517578125,0.074951171875,0.859521484375,0.005965820312500001,0.05825195312500001,0.270791015625,117.08984375,0.014604492187500004
bca5c62ae75f352f036371921247976bed89a9fc,0.180517578125,0.074951171875,0.859521484375,0.005965820312500001,0.046474609375,0.014306640625,117.08984375,0.014604492187500004
5e94de3ba101868c064390a05087d96ac330d176,0.180517578125,0.074951171875,0.859521484375,0.005965820312500001,0.046474609375,0.270791015625,51.85546875,0.014604492187500004
0f32eb19737a02ad66732497e67937c284a85fbc,0.180517578125,0.074951171875,0.859521484375,0.005965820312500001,0.046474609375,0.270791015625,117.08984375,0.0223291015625
fd3ac68a6597f4cf2d2629d81f29e63ad70e9c0e,0.180517578125,0.094990234375,0.7034667968749999,0.0044189453125,0.05825195312500001,0.014306640625,51.85546875,0.0223291015625
9fb5614a66d93777c114e9b199ec0e72493aa408,0.207080078125,0.074951171875,0.7034667968749999,0.0044189453125,0.05825195312500001,0.014306640625,51.85546875,0.0223291015625
e7b0d40d1dfac1e435a44f11c120ce090cad8aef,0.207080078125,0.094990234375,0.859521484375,0.0044189453125,0.05825195312500001,0.014306640625,51.85546875,0.0223291015625
5e7574f7877742511194eab858e7c8fe78031eb2,0.207080078125,0.094990234375,0.7034667968749999,0.005965820312500001,0.05825195312500001,0.014306640625,51.85546875,0.0223291015625
364f96a51c7a0f4cdeaf5e0b9350f76fb2c1b910,0.207080078125,0.094990234375,0.7034667968749999,0.0044189453125,0.046474609375,0.014306640625,51.85546875,0.0223291015625
b531706ef4bedad74c1e58dcfb5de43314672082,0.207080078125,0.094990234375,0.7034667968749999,0.0044189453125,0.05825195312500001,0.270791015625,51.85546875,0.0223291015625
e6579f205f84ef36af857ef9dee390cadf03653a,0.207080078125,0.094990234375,0.7034667968749999,0.0044189453125,0.05825195312500001,0.014306640625,117.08984375,0.0223291015625
32c15bb5611ec1b5c9a13ae3b0814c1d8c1b49f4,0.207080078125,0.094990234375,0.7034667968749999,0.0044189453125,0.05825195312500001,0.014306640625,51.85546875,0.014604492187500004
3702a42dd6bd6f1df0fd1e612570a8c99b13cf4e,0.207080078125,0.094990234375,0.7034667968749999,0.0044189453125,0.05825195312500001,0.014306640625,51.85546875,0.0223291015625
707a3496c2e1b08559e3c9d92ea0690109356f8f,0.153955078125,0.027138671875,0.142333984375,0.0051220703125,0.066162109375,0.132978515625,145.21484375,0.033198242187500004
43e5dbb0f117957caf443809febf5d9e8c5b576b,0.12739257812500002,0.027138671875,0.142333984375,0.0051220703125,0.066162109375,0.132978515625,145.21484375,0.033198242187500004
9280139ee564919c5879f6a51ae42e49a7eb8098,0.153955078125,0.04717773437500001,0.142333984375,0.0051220703125,0.066162109375,0.132978515625,145.21484375,0.033198242187500004
1e8e4eef1694002cd67c8ff00520a63da03ff35e,0.153955078125,0.027138671875,0.730029296875,0.0051220703125,0.066162109375,0.132978515625,145.21484375,0.033198242187500004
a9e7a29cb1a994d73c642d76d0efc83a072401ad,0.153955078125,0.027138671875,0.142333984375,0.0030126953125000004,0.066162109375,0.132978515625,145.21484375,0.033198242187500004
820a3f2af5a710f2a3fb6f8dc42e9ebfa179d91b,0.153955078125,0.027138671875,0.142333984375,0.0051220703125,0.049814453125000005,0.132978515625,145.21484375,0.033198242187500004
40b53fd2b58406d3d99094b7d46d71cba7aeb77a,0.153955078125,0.027138671875,0.142333984375,0.0051220703125,0.066162109375,0.121494140625,145.21484375,0.033198242187500004
746f4aec121fff1f2d930e73eca12b344d57a824,0.153955078125,0.027138671875,0.142333984375,0.0051220703125,0.066162109375,0.132978515625,117.48046875,0.033198242187500004
164c89c07b1b924f3a8e394663a8e9752d25a13a,0.153955078125,0.027138671875,0.142333984375,0.0051220703125,0.066162109375,0.132978515625,145.21484375,0.027797851562500003
76e1713b52bdb97616e95c286d2ea1489b69bc60,0.153955078125,0.04717773437500001,0.730029296875,0.0030126953125000004,0.049814453125000005,0.121494140625,117.48046875,0.027797851562500003
3bac84bd2e0fddd8156d369e08755e37daaeb526,0.12739257812500002,0.027138671875,0.730029296875,0.0030126953125000004,0.049814453125000005,0.121494140625,117.48046875,0.027797851562500003
b8b3d042d947d40d26aed927747cd96678b01b29,0.12739257812500002,0.04717773437500001,0.142333984375,0.0030126953125000004,0.049814453125000005,0.121494140625,117.48046875,0.027797851562500003
6c1838025754af8daa9e7cfd0abfb3c36587baa4,0.12739257812500002,0.04717773437500001,0.730029296875,0.0051220703125,0.049814453125000005,0.121494140625,117.48046875,0.027797851562500003
0c1f92c3ea04ed9b08584c19be216d3ba189ed8c,0.12739257812500002,0.04717773437500001,0.730029296875,0.0030126953125000004,0.066162109375,0.121494140625,117.48046875,0.027797851562500003
2f68fa79a493708991b640bb47646bee28193c34,0.12739257812500002,0.04717773437500001,0.730029296875,0.0030126953125000004,0.049814453125000005,0.132978515625,117.48046875,0.027797851562500003
9213162f445037a47220142ec8844a22089a8c45,0.12739257812500002,0.04717773437500001,0.730029296875,0.0030126953125000004,0.049814453125000005,0.121494140625,145.21484375,0.027797851562500003
a152ea2a2ac4e2cf2253bbdb5fe0db79ef76d69b,0.12739257812500002,0.04717773437500001,0.730029296875,0.0030126953125000004,0.049814453125000005,0.121494140625,117.48046875,0.033198242187500004
9d16c1ec97e6754b3a0d21826b1f596d3e366333,0.12739257812500002,0.04717773437500001,0.730029296875,0.0030126953125000004,0.049814453125000005,0.121494140625,117.48046875,0.027797851562500003
528745b446baa94bdc716bf3a0d8f8f21462b0bd,0.578955078125,0.072138671875,0.567333984375,0.0096220703125,0.021162109375,0.377978515625,95.21484375,0.015698242187500003
803bdbd877da53b660ad150ff02a4acb1b8f6e16,0.552392578125,0.072138671875,0.567333984375,0.0096220703125,0.021162109375,0.377978515625,95.21484375,0.015698242187500003
d28ef5693a141fd3d36e2346bd68085529c73126,0.578955078125,0.092177734375,0.567333984375,0.0096220703125,0.021162109375,0.377978515625,95.21484375,0.015698242187500003
92295cd317995fff89a3a96da2a02208dffe6902,0.578955078125,0.072138671875,0.305029296875,0.0096220703125,0.021162109375,0.377978515625,95.21484375,0.015698242187500003
557277d2221210aa1bee96eccc012638856ab779,0.578955078125,0.072138671875,0.567333984375,0.0075126953125,0.021162109375,0.377978515625,95.21484375,0.015698242187500003
a98cefef57f23225c9bb6725bfd449ea08e64d67,0.578955078125,0.072138671875,0.567333984375,0.0096220703125,0.094814453125,0.377978515625,95.21484375,0.015698242187500003
eb2d3ba775c9327fa44f43b91c2f5db85d597e32,0.578955078125,0.072138671875,0.567333984375,0.0096220703125,0.021162109375,0.366494140625,95.21484375,0.015698242187500003
9c58c232da6e79731b79fb8b2eefb1fda46a092c,0.578955078125,0.072138671875,0.567333984375,0.0096220703125,0.021162109375,0.377978515625,67.48046875,0.015698242187500003
d1b8468e69a39a84fce49540907d5a8ea8117a0d,0.578955078125,0.072138671875,0.567333984375,0.0096220703125,0.021162109375,0.377978515625,95.21484375,0.010297851562500002
b9acefdc05139b6906520c9d9a249a8e52ad7590,0.578955078125,0.092177734375,0.305029296875,0.0075126953125,0.094814453125,0.366494140625,67.48046875,0.010297851562500002
9a6c7fa9ae6e6c798bba87c1e5024c6d734d27ad,0.552392578125,0.072138671875,0.305029296875,0.0075126953125,0.094814453125,0.366494140625,67.48046875,0.010297851562500002
7844e16014c6562564954eab982a986ef0346206,0.552392578125,0.092177734375,0.567333984375,0.0075126953125,0.094814453125,0.366494140625,67.48046875,0.010297851562500002
17dc45105dd4992f90a68ff76fdee705e1c8e921,0.552392578125,0.092177734375,0.305029296875,0.0096220703125,0.094814453125,0.366494140625,67.48046875,0.010297851562500002
523d43179768389be88ee72059154a74e5cccdad,0.552392578125,0.092177734375,0.305029296875,0.0075126953125,0.021162109375,0.366494140625,67.48046875,0.010297851562500002
97460dc9163dd9b25fa950e2fac3eb79bc284223,0.552392578125,0.092177734375,0.305029296875,0.0075126953125,0.094814453125,0.377978515625,67.48046875,0.010297851562500002
5200a756eebc862be85863718e8abfcf22435828,0.552392578125,0.092177734375,0.305029296875,0.0075126953125,0.094814453125,0.366494140625,95.21484375,0.010297851562500002
09ff19bee5eefa8a3d580dc0834ebe806fcaad18,0.552392578125,0.092177734375,0.305029296875,0.0075126953125,0.094814453125,0.366494140625,67.48046875,0.015698242187500003
95a305077b2c0bb5e0f54996ed93b8d979b60c55,0.552392578125,0.092177734375,0.305029296875,0.0075126953125,0.094814453125,0.366494140625,67.48046875,0.010297851562500002
c2327103209b5bfdf24a7a0e138bac77f1448472,,,,,,,,0.0126904296875
7984cc84f49eee5a63dc7e455df240517390a56a,,,,,,,,0.0083837890625
2eb3a2875a68a986c5c2d543db277831f623d053,,,,,,,,0.0126904296875
caf4478b7177ac2fea1d3d0d38e00ff4e1b3a389,,,,,,,,0.0083837890625
09abb22d044c686fcc73a3aa247e69694c4e28ac,,,,,,,,0.030190429687500006
4efd3712cb88adfdaf2554edc6f3a27065bfdfce,,,,,,,,0.0258837890625
59d82d7e8c8cca9a8d219008ddf3587e1c5ed724,,,,,,,,0.030190429687500006
8760b4c361156a9b5177dfe2751e740820169b20,,,,,,,,0.0258837890625
c57faccfdc8fa979f9cf19de6d3e591e378f2768,,,,,,,,0.0389404296875
df1c10710422c3a336970e5427896e1019004237,,,,,,,,0.0171337890625
9e622aff4aef68ff4620055dd8ffbfed0770f74e,,,,,,,,0.0389404296875
f0fdb33af3552aa09fb0678376f49d7dcddcc11c,,,,,,,,0.0171337890625
dd083b57644eb91a9865d9a01f3f08eee27badd7,,,,,,,,0.0214404296875
a0272c4b4000664918d8db2266d8ae3f7509c571,,,,,,,,0.0346337890625
793eef050442018ed1fbb31693901a02654dc6ed,,,,,,,,0.0214404296875
0c359a9a407d7005c5ab84295f02c1c536b6ae38,,,,,,,,0.0346337890625
582ab35933ec10acd3467c6cb5cbb93b108ee6cc,,,,,,,,0.0170654296875
2bc979336d4c0227f88eb941756d49ab8899427d,,,,,,,,0.0215087890625
8fdd8571f71815eaeecf0c531056f8bf2f25ec96,,,,,,,,0.0170654296875
588cdfff13d60c1b8cbd174feefa72533b9d9d82,,,,,,,,0.0215087890625
91c27e4529566ae09643972249a773c0388bafca,,,,,,,,0.0345654296875
cb75a2cf7b47af62cdf7be742ca5b1f5a8be8c81,,,,,,,,0.0390087890625
a038d2e800fec83f760ca1c9b40ebaba20c90168,,,,,,,,0.0345654296875
dd14b1918db009c0139035b2fee11c719bd7bc76,,,,,,,,0.0390087890625
c9e23e058b3e136bcce251b33507d404bbc7dc00,,,,,,,,0.0258154296875
736378997a75ec3d9f915cca60071a5411ebe2f7,,,,,,,,0.0127587890625
a9ee94b808a0aa8d1293dd83073e0f49b3325b8f,,,,,,,,0.0258154296875
e3b8f8e3cc0bbd92e6cb4ecccf90d7eabbc9a744,,,,,,,,0.0127587890625
7d4dd7ac20e11eee2731ba7b87e455a924d42449,,,,,,,,0.0083154296875
8ee1861b2e912b592d7642e33c4cf8cf34474c97,,,,,,,,0.030258789062500006
6c1e07190a87088e4bd4849465ebfe1e432cd28e,,,,,,,,0.0083154296875
a213156fd5d2f50ea6124e182571abca4096e60e,,,,,,,,0.030258789062500006
8ee9e027f861bbbf18589925dfd61262b0295fcb,,,,,,,,0.0072216796875
a959f53bb37ee4c8c78ea2ee9365ea0fac1dbebd,,,,,,,,0.0116650390625
c95688add96f5182d533288cd6ef2cf0eb84fa08,,,,,,,,0.0072216796875
6f1afb8663e51cbcaccb8ef73648491df0061ac1,,,,,,,,0.0116650390625
7f201e5d7db68248c7896e15f54c688a18f11806,,,,,,,,0.0247216796875
de2c0c355eb9f6c52be5868f7b0ada99a1d3d4d2,,,,,,,,0.0291650390625
467d96e72e908c20f70b70df4b40fe2415bb06f2,,,,,,,,0.0247216796875
098a515bbc620f5e0f8b8181a2f1bcc9cf3e0de6,,,,,,,,0.0291650390625
7ffce040e0f7691aa2bf8c2d89114f9846bd1d90,,,,,,,,0.0126904296875
9cb2b4a77d45b6fbb04129e5bfb6604b7bd35a51,,,,,,,,0.0083837890625
a28bc1c7478f52937a3554f242ccee80be05a1c6,,,,,,,,0.0126904296875
6f5573cf89594cd803fc1c1e2868c5f40a66f4b5,,,,,,,,0.0083837890625
5145ac11aaf796cab13c337765526d534ee2fdde,,,,,,,,0.030190429687500006
d76ddcaeb26f6b47374655e4b910ec8b4c9822e8,,,,,,,,0.0258837890625
1ae0c2821e4adaecb5c5a7f3ef135e805cc3d3da,,,,,,,,0.030190429687500006
9f64e298b177747363333420986ff3b5b1acf47f,,,,,,,,0.0258837890625
79b81bbfc50ee11f75c417f5c550d23e42cf8969,,,,,,,,0.0389404296875
085d193c6c54f0bb296c9df76b4789a36a5e63e9,,,,,,,,0.0171337890625
57c223dc0e76c11eab9bb81cf7e7795e72419c2d,,,,,,,,0.0389404296875
da6f96b3d5f0a7ad89672becb284b979a00936ea,,,,,,,,0.0171337890625
562fa72e93c87caaa447c395600518f1253b11cf,,,,,,,,0.0214404296875
91714963a82b94cee89e8a048475613f52b9994f,,,,,,,,0.0346337890625
baec09a41f8738b2c5752fce87928ef4a4363260,,,,,,,,0.0214404296875
4299f1d22082f4ca73843e005c3464e2c0677a80,,,,,,,,0.0346337890625
96e584e6d23237d9c1d7726259fca5c9fbf0a238,,,,,,,,0.0170654296875
6db757255ee639a91b61d1b0d9136089febbc849,,,,,,,,0.0215087890625
b371c849ea44a76252135c4ee802f8443d2686e0,,,,,,,,0.0170654296875
f19906af0c4bcef8bee1c324116df47467ca04fd,,,,,,,,0.0215087890625
0c0acbdbf7a137d84d70f12afc8b3891b2df19c5,,,,,,,,0.0345654296875
bd2f11c05ad41b320c201f824d3600b373e5fa58,,,,,,,,0.0390087890625
3b02a64d98aec21863e92be7c77ef8f8108fc626,,,,,,,,0.0345654296875
cc610a89cc097528d4793bc99d0fb208c437c6a4,,,,,,,,0.0390087890625
685e05e4f907767678adb3d793f3beddacebf031,,,,,,,,0.0258154296875
782de65658fb90e7ccc1709b13f12f39dbbe0b16,,,,,,,,0.0127587890625
795171e0c35018c6886f930bdca767290c41e605,,,,,,,,0.0258154296875
1ec9f090714311ccfb4db9a9f6e0c2b37a66611d,,,,,,,,0.0127587890625
72907458ab87690875597947132598d77765021c,,,,,,,,0.0083154296875
da009acc962b7c8ae03bf28f7c03ed3de5cf1b5b,,,,,,,,0.0126904296875
a23fca7eeebc4ef2da9101df409822e18ee63ad6,,,,,,,,0.0083837890625
24bc829ead21eaf90f607640ed8123e1d6becdb1,,,,,,,,0.0126904296875
3709811bb1855fab99fc3c0a349924f0e1589799,,,,,,,,0.0083837890625
d541b5c03abc5add26a194efa44ddf72c969d1ef,,,,,,,,0.030190429687500006
80f7a6746ed2915c317b8215e14303a7d08068bb,,,,,,,,0.0258837890625
03add7436dfdb3a3193f727bd8d8c6b5545e8856,,,,,,,,0.030190429687500006
fd3b568738d4cdbc20f0585705689458d450e891,,,,,,,,0.0258837890625
2114a5d97ccd5d21f803e38fed8d035e40cb3185,,,,,,,,0.0389404296875
a5b0da0e9e105bdefab57f8b2db0e29e4ba8fe90,,,,,,,,0.0171337890625
d28cac420f03261072872f2a24c49fe10058f42b,,,,,,,,0.0389404296875
8d59ca230148830c425b8881a00a9c273e8b9762,,,,,,,,0.0171337890625
a569cabdd18f4ba591615c2ba3b831e9f85373b3,,,,,,,,0.0214404296875
2645713616905735ac21c7bda105a1929deb8129,,,,,,,,0.0346337890625
ceb44f24d8bcef277b81cd4830b08748dd2f23a4,,,,,,,,0.0214404296875
516d42587df39738b117bdbf91c1e7bf09fbb986,,,,,,,,0.0346337890625
947ea11102a0bfd2cf750f8579c43ac426c475d6,,,,,,,,0.0170654296875
4ab120632f7475255825d4129adb04dc8058ca0e,,,,,,,,0.0215087890625
594b50a48010eedbd1ababb8805974e8276e9748,,,,,,,,0.0170654296875
c0af2e2d69baea6f0e10cbc4de02a83447fb90b9,,,,,,,,0.0215087890625
af175ccd0eca485340d4c3e388447f0fe120692f,,,,,,,,0.0345654296875
78b61101c66c23136080faaf2a26f31ee9353fa8,,,,,,,,0.0126904296875
b9cec4164a4351452bcbdb46991792a787dc8909,,,,,,,,0.0083837890625
62fd3061116f825dcd20dbc7fc303c790ddb3ec2,,,,,,,,0.0126904296875
2c6044cda099ea7e125244c3ea52e0ece00998a7,,,,,,,,0.0083837890625
3b84c2b5e8eed67b59358686fa350168527fe2dd,,,,,,,,0.030190429687500006
8a841613504f0290e647e9c5a4431d6046da9449,,,,,,,,0.0258837890625
28cb25e970d22fff919b07a7ff16bac9fba47ae8,,,,,,,,0.030190429687500006
88d6bd68da2d63e3a67c7985f91dce9500f70ab0,,,,,,,,0.0258837890625
656fb34b6e31ef3c360cac51b551f2307ca2a0ca,,,,,,,,0.0389404296875
3cd522dae53a13a8e80e03ccf77954ef3dd370c8,,,,,,,,0.0171337890625
b376aad9d0700fe97aaf01d39e46d60941242770,,,,,,,,0.0389404296875
b27bed5a59593d2dfd18e87350f40eb871835d6f,,,,,,,,0.0171337890625
40b3137ae6bf547f61e094e79b8b55d9dd1ebdf4,,,,,,,,0.0214404296875
de04e7a568eb9be657b649b1a56c9e98ef13a3b7,,,,,,,,0.0346337890625
58662f10f81793dce8e12931ee073f63d281050a,,,,,,,,0.0214404296875
62155cc383cfa4efd71a0044a20fb6624572ea5e,,,,,,,,0.0346337890625
153cc18ad15608f10778d78fcae13c29a3dfbd25,,,,,,,,0.0170654296875
e062a0166ed2ecab74aa0b9d129482fc6b987556,,,,,,,,0.0215087890625
21ee6e06ecb3ac02d436a63d0daf01a6387541d5,,,,,,,,0.0170654296875
ae5f6df2725e71d10fff67fb845a5e86e6a2cce0,,,,,,,,0.0215087890625
53967cbd69e9b51841ce5d26c79bec0ef06cd2df,,,,,,,,0.0345654296875
6a59d28b2c8c89aa3e5f4c030bbacfbf2dd52592,,,,,,,,0.0390087890625
ccf6b1e3787e28eab1147d8d3372e3ea23a9c71c,,,,,,,,0.0345654296875
69254aea42ab581af9f7f1b9bcaf0cae306865b8,,,,,,,,0.0390087890625
b0d8e54d3a58051801ffecfbaf69f81f1738a6a3,,,,,,,,0.0258154296875
04603eb71e0a6dda50372866599c9a30c1d951e8,,,,,,,,0.0127587890625
ca693f0dd15bd31c136fa1f21214ea75652fb5fe,,,,,,,,0.0258154296875
4bfb5848e4531d8af121e7a45d41c827c3f2b3d2,,,,,,,,0.0127587890625
be6ea69ec48bc6c1826466f6cc60d83c28a99146,,,,,,,,0.0083154296875
822ef2d55da84c2dc7e58c63ca16dbf581969ea2,,,,,,,,0.030258789062500006
3f90ed3f13c12ecec319cd59aded9ac5d280669c,,,,,,,,0.0083154296875
baedc2e4df181c5fe5645b4d341b359e42c3ca33,,,,,,,,0.030258789062500006
7c4d2875ea78846585d6c3179c5ec38a2139cb55,,,,,,,,0.0072216796875
6144ec1140bd8fe866c191386b0780f19ef5d5f3,,,,,,,,0.0116650390625
d2503f2bbfbf5ba3ab75fb242ae27c6b7a28da5a,,,,,,,,0.0072216796875
a55738f4254f5cc5d1d0145f1c8fda125b14c413,,,,,,,,0.0116650390625
a2615396549c92deed28cdfed7a940592b46fff9,,,,,,,,0.0247216796875
e61eea257099735358839be280b475c0c853198e,,,,,,,,0.0291650390625
f67f0532964f0f190a2eb199a0d57a0dbf33af54,,,,,,,,0.0247216796875
80edcb76be0b5d35a39eb5e68d89db20b33aa288,,,,,,,,0.0291650390625
707c3a8951bc4a351db90541e301b20e392016f5,,,,,,,,0.0126904296875
80f917cd43d91b7f50691560b76d9b8dfaa1c7a4,,,,,,,,0.0083837890625
9e061d3296f5e1b98e0b74582c673f57364eb128,,,,,,,,0.0126904296875
ef07862ecf339d1909232d14c5efddf015e4d7c7,,,,,,,,0.0083837890625
72c2a253f280cab5ff402f8d77666b6dc4061f97,,,,,,,,0.030190429687500006
25161f0b02343a7ae4f7fcff516ce7b30882dd95,,,,,,,,0.0258837890625
4272ce6ebe963e9f20124f8daf44a10c7cc182fa,,,,,,,,0.030190429687500006
2e54740d1c3f708dfce2ca69ad1c4df789ae5998,,,,,,,,0.0258837890625
03965bbdd36c4d457ead7d7db91f086499cca45f,,,,,,,,0.0389404296875
d217e39c1fc86271060abaae056f8465d7996b69,,,,,,,,0.0171337890625
13cff9f2696fb3bb42f7b47596dfc93f502ef002,,,,,,,,0.0389404296875
87ba5323e3047041c7a79118caba858ddea28974,,,,,,,,0.0171337890625
4fcb16f7fafcddb799891a8e4bf97ef5240cae5b,,,,,,,,0.0214404296875
8605510e9cf9e543a5fe35d68010f53e642638d1,,,,,,,,0.0346337890625
df62b3c8f487b5d3c7d321353b14de6b4518d669,,,,,,,,0.0214404296875
9fa0f6c8b4c9e4d336b7dd396012fafe0c4c6cfd,,,,,,,,0.0346337890625
e883594ef23cd71c97047e5d9a8712aaafd3cf67,,,,,,,,0.0170654296875
cdf9bf14b1cc79e1cbc96f048a1bf9aa5d2098b3,,,,,,,,0.0215087890625
a6a9408f29dc072ed8744c21fe6b4c7ec62b3167,,,,,,,,0.0170654296875
dba4c91a1104a00d98b1f5ff103d8a3a04f2dade,,,,,,,,0.0215087890625
6d3789f14ccd1857064e10999bdfcd8f3fc16758,,,,,,,,0.0345654296875
2181cfd9c2872d7528bb50263b7b5d22a18b2d1d,,,,,,,,0.0390087890625
c26b7a45f00ae9fd22d85a957a6fcdbb7ac5ca46,,,,,,,,0.0345654296875
b79a8efaacefadaaafd9be54b7e4a660cd62b438,,,,,,,,0.0390087890625
cafe0b92537659f6409b8a583e599e2f0ff2841e,,,,,,,,0.0258154296875
6c460533650f2c0cd1e88f8ab29d38cd23369ce5,,,,,,,,0.0127587890625
43449183bef4664635d5978efc52a5178aca9ed6,,,,,,,,0.0258154296875
7421820fc1646592eb21e27e6ae5f86ad1da6517,,,,,,,,0.0127587890625
0b25b58e4471abed980f5ef74a94d70a34319fe8,,,,,,,,0.0083154296875
f3cf54d731e6aab34ec8a2850adc77d8761874e6,,,,,,,,0.030258789062500006
eae5377b6e0d03d92d946f7cbccf69aa4766a0c6,,,,,,,,0.0083154296875
cdeb727ee9e029b07a2ccfcb2caa2dcf5db71783,,,,,,,,0.030258789062500006
ca8a8d9d468408f02c5173ecaacb600ecc5e77a1,,,,,,,,0.0072216796875
7cf00c17b76bfe7953a65ce13d3cd9b7c680f79c,,,,,,,,0.0116650390625
9e9062939b510d2a851109dd874fdb1e56f05e40,,,,,,,,0.0072216796875
9bd10e2d654b432b8fee5de55cb46188aefea574,,,,,,,,0.0116650390625
a53682cd05f24903f865c25e321c7943bdab386e,,,,,,,,0.0126904296875
b14ee8de7cbbe3507c6122627546278d3c80303a,,,,,,,,0.0083837890625
290d8ec5bb2a30ba14b4d4cd42d2d6413e3382c1,,,,,,,,0.0126904296875
f90c6eca75d15b42b16c059069da7cf0786a9d7f,,,,,,,,0.0083837890625
ba5fe34dab07a4807b96d113172a53e616cefbbd,,,,,,,,0.030190429687500006
7876e45072cff63c2c01afe20a718f969bb0d125,,,,,,,,0.0258837890625
b4921a60f38044ee7d59fd7ee8fad68fa45da22e,,,,,,,,0.030190429687500006
6a9858afecea39e6fdc0896c9a6c96b177bc89b4,,,,,,,,0.0258837890625
d80a4fe77d4eb64db0e8f5491ee324b998c72913,,,,,,,,0.0389404296875
6ecc0eab8896784b7ad31fd100afa5dc701c53da,,,,,,,,0.0171337890625
f9e0407a08b609008048fbb91a197c2a0c25440c,,,,,,,,0.0389404296875
cf2de6a92d6d9033f275c4e9ef2e855c4c427b8c,,,,,,,,0.0171337890625
06e2f04ce7bb68cba4f8966222ddef6346090eb1,,,,,,,,0.0214404296875
cc33b1eabe686e2cbf27f524159c767dcecce7a0,,,,,,,,0.0346337890625
9fd6bec40aa03808578b2e4532ffd31aaf5e0e81,,,,,,,,0.0126904296875
5632b1a5c0cdd0be83214f4856c0b4a4c4c67409,,,,,,,,0.0083837890625
3d607a7f362d6124b1608e5f358218ab4a825bf4,,,,,,,,0.0083837890625
b3834f65de9adbf44124c44584d595b3892ed711,,,,,,,,0.030190429687500006
8043adaf0bbfdb7be7378d056f6747de11c892b4,,,,,,,,0.0258837890625
89598b138233dbc942b690c5b16a6f119a412569,,,,,,,,0.030190429687500006
cf987237929abd61cca3883c16fe06f122a1eab9,,,,,,,,0.0126904296875
af04dd29969788a64a758a4c774fc3ad32d82c05,,,,,,,,0.0126904296875
2f4767a19e3fbc4a4fbae67833ff950c239ad966,,,,,,,,0.0083837890625
3b7c92595bf3ee161b70803abf500e4e06d94414,,,,,,,,0.030190429687500006
c2281491d81ee81fae01d7055a47882e1cf07956,,,,,,,,0.0258837890625
e1720a4598910e202f007887095543bbea590bbc,,,,,,,,0.030190429687500006
809af73011554af0b92cea0cc55d11627d212afe,,,,,,,,0.0258837890625
7413ab5d6e914d8746de46369fd8c3a356adf8bf,,,,,,,,0.0389404296875
e09b3f3f3ccd600b37fdd4b1e65e366f4d2f502b,,,,,,,,0.0171337890625
c0b88cc798d2b21831ffa1275579e52141fd1625,,,,,,,,0.0389404296875
216d6e50e85d83678d49321c4d4038a7493c66e7,,,,,,,,0.0171337890625
c3341d2c239cd0271331853391ae80135782da17,,,,,,,,0.0214404296875
e38bdcd24c3143fd66924b9e974f2587024f8620,,,,,,,,0.0346337890625
47929de529e42e785b0efe7062945c88d36a5fe9,,,,,,,,0.0214404296875
0716308c966d423dff1709064a39817b9f4a6c05,,,,,,,,0.0346337890625
2005e6c6cffb88247f066f7cced88a948e03e914,,,,,,,,0.0083837890625
902c328bb3c0817e4fa66342fa8ee1b133b7ef57,,,,,,,,0.0126904296875
fdadde3846d0bfb2f56bfdd6746d1879cf3992f8,,,,,,,,0.0083837890625
968af7b841582e7f5b49a91780ebaf19ace8e050,,,,,,,,0.0126904296875
e7c5b2888c30845d1c6fe5b781eb8e2b75261d3a,,,,,,,,0.0083837890625
0041087416f08864ca3d3dc41f001336e15e0a0a,,,,,,,,0.0126904296875
3d3e79ed95a6126af8bfa0fe7f3c711b3794617d,,,,,,,,0.0083837890625
c99d056858a6dc7017a9766c785d25184f75246d,,,,,,,,0.030190429687500006
b4e11cbf5ad66a853209227b4411a9e5e33a515f,,,,,,,,0.0258837890625
98c10552fb450a452a8d24f3775abb68d579ef3f,,,,,,,,0.030190429687500006
e52a894b02a28945423c413026182e8099ece2fc,,,,,,,,0.0258837890625
092fa4a78f2111845e1df187a720f1f9888fbce4,,,,,,,,0.0389404296875
f3f25677cdad10fbedf8c3057f77c0a7772a279b,,,,,,,,0.0083837890625
f8f70767a2c3dc046d2a6a523fedac1a68433f52,,,,,,,,0.0126904296875
4469b08446caf7c0906b8ab11f410149d2c4af62,0.95,0.1,0.95,0.010000000000000002,0.01,0.01,150.0,0.04
5d48afb3f345b187c58f72c570a3ba683fbdfcdd,0.95,0.1,0.95,0.010000000000000002,0.1,0.01,150.0,0.04
991370bf5f26754168ab6a6def09097c902d549e,0.95,0.1,0.95,0.010000000000000002,0.1,0.5,150.0,0.04
195820d231db2f5550cb7c212ba719ac628eb2aa,0.95,0.1,0.95,0.001,0.1,0.5,150.0,0.04
4269f8f3ef97797433aad4385f6f8db0866b3179,0.95,0.1,0.1,0.001,0.1,0.5,150.0,0.04
24b9eac07ae3370456b23f5af8d2ff1a813de51c,0.95,0.1,0.1,0.001,0.1,0.5,50.0,0.04
28046696280a8f9818e1c47a6bfcdb7d1711a03c,0.95,0.1,0.1,0.001,0.1,0.5,50.0,0.005
08e0ca360b23b0172c345c11fb6a33d56a7f5a73,0.1,0.1,0.1,0.001,0.1,0.5,50.0,0.005
ed2fa44906c9e38788ea465ed37ac7446c8b3920,0.1,0.01,0.1,0.001,0.1,0.5,50.0,0.005
9e7fbd6f2412f4f4c33ea1e32fcc197fb1eb93e4,0.1,0.1,0.1,0.010000000000000002,0.01,0.01,150.0,0.005
1456741272ff2a4dbb71d0cb012d2b1d521ffea2,0.1,0.1,0.1,0.010000000000000002,0.01,0.01,150.0,0.04
e515fcdcf108dbefee2614e240a3d83f7befa477,0.1,0.1,0.1,0.010000000000000002,0.01,0.5,150.0,0.04
050e877e14997e825080d41731c3d84003efef60,0.1,0.1,0.95,0.010000000000000002,0.01,0.5,150.0,0.04
5bef92bb0191880c3eda7fa3f1287aaeaa9cae14,0.1,0.1,0.95,0.001,0.01,0.5,150.0,0.04
ccb0e340de1c1bdb264cbfff55e73f55307b1b0e,0.1,0.1,0.95,0.001,0.01,0.5,50.0,0.04
e470c150587b5192a1d6a2a6ed5872d43cba69e1,0.1,0.01,0.95,0.001,0.01,0.5,50.0,0.04
97d6962ebb64c0f2157968bf94f122c65f245560,0.1,0.01,0.95,0.001,0.1,0.5,50.0,0.04
fdf2f60b210ae740fc15dfeacac321123d9e58d7,0.95,0.01,0.95,0.001,0.1,0.5,50.0,0.04
fb206279ffabf5b9baf60a9420ea54db9db09391,0.1,0.1,0.1,0.001,0.01,0.01,50.0,0.04
38b44c89bbfaa5ede8d6af4d95384d14659b3b5c,0.1,0.01,0.1,0.001,0.01,0.01,50.0,0.04
4ce278f90be24f62fa09b2f35c765143ae6ecded,0.1,0.01,0.1,0.010000000000000002,0.01,0.01,50.0,0.04
e2f1c14bdd5a476f392e5cbd44c7825e74c1e08b,0.1,0.01,0.95,0.010000000000000002,0.01,0.01,50.0,0.04
309a6d87b52ad34302c57aecf053e71c94ea4051,0.1,0.01,0.95,0.010000000000000002,0.01,0.01,50.0,0.005
73148a45a218941f6ec31495e8c069c9b909a35c,0.1,0.01,0.95,0.010000000000000002,0.01,0.01,150.0,0.005
f8c6d35a52788784479ee8099d803e0c5e1373b3,0.1,0.01,0.95,0.010000000000000002,0.01,0.5,150.0,0.005
ca36f084dbccd21feb6c93270d96f70d2452e57f,0.95,0.01,0.95,0.010000000000000002,0.01,0.5,150.0,0.005
4d70916ea8dd9d04871b1de60f97f8d43fd25776,0.95,0.01,0.95,0.010000000000000002,0.1,0.5,150.0,0.005
60e047e16bb7d3ad810160871f872097ecb67b28,0.1,0.01,0.95,0.001,0.01,0.01,150.0,0.04
9d743a4e72236c5b2346fea723f372f5813bf33e,0.1,0.01,0.1,0.001,0.01,0.01,150.0,0.04
d33c2e214b2909533da2ffb5b33986b26d08a1ba,0.1,0.01,0.1,0.001,0.01,0.01,150.0,0.005
15478c3019cbc0dab372e3f730a6c6610179ed83,0.95,0.01,0.1,0.001,0.01,0.01,150.0,0.005
97070a4ee2955c7e03c0ad1ce3d066da9f3ad0b8,0.95,0.01,0.1,0.001,0.1,0.01,150.0,0.005
7c9f24027a69b367c21fa728c2fbcf314bd40bbd,0.95,0.01,0.1,0.001,0.1,0.01,50.0,0.005
f779c44701960ae5879c2109811d6362a7893ba8,0.95,0.01,0.1,0.010000000000000002,0.1,0.01,50.0,0.005
0e31f827631276518df899c252c59ac2415b349e,0.95,0.1,0.1,0.010000000000000002,0.1,0.01,50.0,0.005
4df63d8fd535c0b96c1e5ecc045b4561ac5d2b85,0.95,0.1,0.1,0.010000000000000002,0.1,0.5,50.0,0.005
8df660e741b67cfc24c73fe67530be5d643c78bb,0.1,0.1,0.1,0.001,0.1,0.5,50.0,0.04
9d02b3724abc63ea52462922fff5c0954afc46c8,0.1,0.1,0.95,0.001,0.1,0.5,50.0,0.04
78e32c8fc57b3356691d289b0c618e6c597b7f97,0.95,0.1,0.95,0.001,0.1,0.5,50.0,0.04
75e5e5917d77335f3779dfc0c5e4796f43a8f458,0.95,0.01,0.95,0.010000000000000002,0.1,0.5,50.0,0.04
0a103bb8441869494ca7a3b24366ca0071c35b0d,0.95,0.01,0.95,0.010000000000000002,0.1,0.01,50.0,0.04
5ec27d9e794c7380b6af51bda497163854f0726c,0.95,0.01,0.95,0.010000000000000002,0.1,0.01,50.0,0.005
6174580205ed62e5d511a03e1f78b03f773ca50a,0.95,0.01,0.95,0.010000000000000002,0.01,0.01,50.0,0.005
0506e33a41d95fab32256ec20066390430f242eb,0.95,0.01,0.95,0.010000000000000002,0.01,0.01,150.0,0.005
9d2b5e2dcc00e2af2b4e4959b37f1b78711f591d,0.95,0.1,0.1,0.001,0.1,0.01,50.0,0.005
c99d6009d9ddc8f2c92dfe1af55611281e5fcfde,0.95,0.1,0.1,0.001,0.1,0.01,150.0,0.005
c4b9629a15122de69c7f903d6cd5ac331da4abf4,0.95,0.1,0.1,0.001,0.01,0.01,150.0,0.005
00e5fdb0d5910a63d9bc42fa26d30e5f0a1771fd,0.1,0.1,0.1,0.001,0.01,0.01,150.0,0.005
739e676b9bfb0c63e89fe90cf06c0b188a86f5a9,0.1,0.1,0.1,0.001,0.01,0.5,150.0,0.005
858fefdc7443ac3159168d4b548a58b5c25c1a30,0.1,0.1,0.1,0.010000000000000002,0.01,0.5,150.0,0.005
5f58ba683df0134b6b34a69156f484573a450c46,0.1,0.01,0.1,0.010000000000000002,0.01,0.5,150.0,0.04
d00193eb050926a668e3e185f0bb9839c547ef9d,0.1,0.01,0.95,0.010000000000000002,0.01,0.5,150.0,0.04
3796515b5205ccb3b5fe8d1d7a34a59d4e918e13,0.95,0.01,0.1,0.001,0.01,0.01,50.0,0.04
e8c011a420dd466e2868096dc41a218f2a038fd5,0.95,0.01,0.1,0.001,0.01,0.01,150.0,0.04
a3fd8c506a4d1ad5d91303fb7916531309fd8996,0.95,0.01,0.1,0.001,0.01,0.5,150.0,0.04
d27f39e91b815c678765fb9cc80118e5b67439fc,0.95,0.01,0.1,0.010000000000000002,0.01,0.5,150.0,0.04
9964a9b3a240ee160b4a74ab5f7b9263f4c79bcf,0.95,0.1,0.1,0.010000000000000002,0.01,0.5,150.0,0.04
647d6eda900cc95d175c6f66015b039bf17f34a6,0.95,0.1,0.95,0.010000000000000002,0.01,0.5,150.0,0.04
3a111016366044ce934a15efd320c0bb3d4080b5,0.95,0.1,0.95,0.010000000000000002,0.01,0.5,150.0,0.005
6b5e68420e3ba19c13914881ca0b32d5597f602c,0.1,0.1,0.95,0.010000000000000002,0.01,0.5,150.0,0.005
b55ef2d314a328e38911b57cf27fecf8055b43e9,0.1,0.1,0.95,0.010000000000000002,0.1,0.5,150.0,0.005
b824595231222f97b72135b4b4dfa4edb4bf2eaf,0.1,0.01,0.1,0.001,0.1,0.5,150.0,0.005
ae818789562aa25ee46de8e05d03a7e059d7fcaa,0.1,0.01,0.1,0.001,0.1,0.01,150.0,0.005
c0fb3ed0b0e8bcfef2c3e6cbf063ef49b5286c13,0.1,0.01,0.1,0.001,0.1,0.01,50.0,0.005
c16425d9efc561c8972e20d14af933b5c364a3ba,0.1,0.01,0.95,0.001,0.1,0.01,50.0,0.005
35612643cd16f09feee471d0336bb6e2207bb3ac,0.1,0.01,0.95,0.001,0.01,0.01,50.0,0.005
3c04efe0696c73abd211e3fa89d19088f3537098,0.1,0.1,0.95,0.001,0.01,0.01,50.0,0.005
99b7318a2d7d7b16da371a8aed4bd0ebf1b6962a,0.1,0.1,0.95,0.010000000000000002,0.01,0.01,50.0,0.005
5e03bbb1e505831130d42c4acf629ce0574847c9,0.1,0.1,0.95,0.010000000000000002,0.01,0.01,50.0,0.04
ca397dba0d36a7569379ef8b4b0656716bc7b1d7,0.95,0.1,0.95,0.010000000000000002,0.01,0.01,50.0,0.04
cc0c9f8cf6e69eac5ec3446ee9d53c5c1482dbac,0.1,0.1,0.95,0.001,0.01,0.01,150.0,0.005
2d9e824ddeea0d1c50cdf1fbf3d0247ae2f6d017,0.1,0.1,0.95,0.010000000000000002,0.01,0.01,150.0,0.005
3613b816c84986a5c0011dffbc214fc56ef3149e,0.95,0.1,0.95,0.010000000000000002,0.1,0.5,150.0,0.005
ec4e81b482bba26b68b19064293ed62ae4b33923,0.95,0.1,0.95,0.010000000000000002,0.1,0.5,50.0,0.005
26db879bdf2c95e3818737a77ea72b3533194424,0.95,0.01,0.95,0.010000000000000002,0.1,0.5,50.0,0.005
cf2354f076e57a560a3ba2c08e181b9b05c9bfbe,0.95,0.1,0.95,0.001,0.01,0.01,50.0,0.04
f125c009a1b5a7f4dbcb21c986fd65a03b54d748,0.95,0.1,0.1,0.001,0.01,0.01,50.0,0.04
0e63a08816b6ecddfcf4409291f393c6c0433dd1,0.1,0.01,0.1,0.001,0.1,0.01,50.0,0.04
1b8e72c42aed3e9a27726df45b0250b8fb1df6bb,0.1,0.01,0.1,0.001,0.1,0.01,150.0,0.04
f2f3a7a56c2b319d2b2f904a27a2d99a11738b8a,0.1,0.01,0.1,0.001,0.1,0.5,150.0,0.04
69da0b86a08c26c3a3fb2dbfe31b20bb46500fc5,0.1,0.01,0.1,0.010000000000000002,0.1,0.5,150.0,0.005
d720c5af823d92fe76080dd79aa2e7448e5f84ed,0.1,0.1,0.1,0.010000000000000002,0.1,0.5,50.0,0.04
e5ba360ed07f8c03dc2c761ba122192012bc9a74,0.1,0.1,0.1,0.010000000000000002,0.1,0.01,50.0,0.04
4b0bdccfa3918660fa6568505e3d82f5a5adf9dc,0.1,0.1,0.1,0.010000000000000002,0.01,0.01,50.0,0.04
d65a26c767d19e23de4a00226fbf634ff775d13b,0.95,0.1,0.1,0.010000000000000002,0.01,0.01,50.0,0.04
4dd43126a1057cade279c989b7a06885a2dd1585,0.95,0.01,0.1,0.010000000000000002,0.01,0.01,50.0,0.04
a80e3ff3fa2d7fd0c3104cf7e967b34957ce371e,0.95,0.01,0.1,0.010000000000000002,0.01,0.01,50.0,0.005
60be0d6242d254ec5f2a9fe0ce40903a4f92c9cc,0.95,0.01,0.95,0.001,0.01,0.01,50.0,0.005
665b18fa2f74f8b2caddaa4ceef443155bf8b318,0.95,0.01,0.95,0.001,0.01,0.01,150.0,0.005
b874ba25f3a951774a77fdf2578ca6be977df3bc,0.95,0.1,0.1,0.010000000000000002,0.1,0.01,150.0,0.04
21ebf9550e8434b2cd769e548a0183c268149d1f,0.95,0.1,0.1,0.010000000000000002,0.1,0.5,150.0,0.04
684d4aeeace0a42e387d5eb17fff128f30b05838,0.95,0.1,0.1,0.001,0.1,0.5,150.0,0.005
7ef86a21ed44ad28c4538dd6255da56629b4a439,0.95,0.01,0.1,0.001,0.1,0.5,150.0,0.005
6b3bb36aa1406679193773eec2a255aa1104178f,0.95,0.01,0.95,0.001,0.1,0.5,150.0,0.005
3a4772645a83d56b0fa17d70b220cfd6643826b9,0.1,0.01,0.95,0.001,0.1,0.5,150.0,0.005
f0776ede066cecec261ed16badf5440786f8f102,0.1,0.01,0.95,0.001,0.1,0.5,50.0,0.005
6c2d38496c04ae131da6bab5b636a303247bf496,0.1,0.01,0.95,0.001,0.01,0.5,50.0,0.005
aee3b6d42f9d4b6f0826cda0447edcb3495ddc93,0.1,0.1,0.95,0.010000000000000002,0.1,0.5,50.0,0.005
8e3e73f427d5665bd311414073b806cb3e7184ef,0.1,0.1,0.95,0.010000000000000002,0.1,0.5,50.0,0.04
2751eefd6e6ffdbd3ece8e630c559adcc3d4d0bd,0.1,0.1,0.95,0.010000000000000002,0.01,0.5,50.0,0.04
fa628c2816793c48870e8989298c91d78698d7e2,0.95,0.1,0.95,0.001,0.01,0.5,50.0,0.04
cca85fc9166f3e3d35dae4c744c995a710f5c39d,0.95,0.1,0.1,0.001,0.01,0.5,50.0,0.04
31e515091990d1c6d446dd033c470206945a3773,0.95,0.1,0.1,0.001,0.01,0.01,150.0,0.04
c91c47c80dbb4408f051384f3e79856ecfd4d65c,0.95,0.01,0.95,0.010000000000000002,0.01,0.5,150.0,0.04
c3385616087a552ec5c413ef93e32fb1bc7fe79b,0.95,0.01,0.95,0.010000000000000002,0.1,0.5,150.0,0.04
82cc0a7315d41195f9978696c4a1dbf61e9e422b,0.95,0.01,0.95,0.010000000000000002,0.1,0.01,150.0,0.005
cbbf8d24076b0f80de0a6ae12805d502d7a19350,0.95,0.01,0.1,0.010000000000000002,0.1,0.01,150.0,0.005
12ae5372ceaa559ad2994dd34fdd3fec7da5587b,0.1,0.01,0.1,0.010000000000000002,0.1,0.01,150.0,0.005
0e983f82f85bcb960cc5dbcb2ac659ebfe26b78e,0.1,0.1,0.1,0.001,0.1,0.01,50.0,0.005
5e6137114a3854b1b810482a834db16f875b39b9,0.1,0.1,0.95,0.001,0.1,0.5,150.0,0.005
b15df67dd4ae5709bbb6235f40f2a7fe9f6692ec,0.1,0.1,0.95,0.001,0.1,0.01,150.0,0.005
3599b3cedb5db48b9b312e327d1f2c9dfdd7665b,0.1,0.01,0.95,0.001,0.01,0.01,150.0,0.005
61f961e0f783aa518c5b043c71f4e04d35a32298,0.1,0.01,0.95,0.001,0.01,0.01,50.0,0.04
b9905714d8572c0c5749fee7331078e158363e4d,0.95,0.1,0.95,0.001,0.1,0.01,50.0,0.04
d7fce02605e8be8c72352af193c5a733393651cc,0.95,0.1,0.95,0.001,0.1,0.5,50.0,0.005
7f2659a23de875b94591f47b9d8936edd4e1a617,0.95,0.01,0.1,0.001,0.1,0.5,50.0,0.005
f36b08beabd5915245133ac2c362586b203b3408,0.95,0.01,0.1,0.010000000000000002,0.1,0.5,50.0,0.005
e7260cfb6967dbdbe3a80dbade8a2caf02cad355,0.95,0.01,0.1,0.010000000000000002,0.1,0.5,150.0,0.005
d983b9adbcc5183745089e1cf052b5e1c614adbb,0.1,0.01,0.1,0.010000000000000002,0.01,0.5,150.0,0.005
b2c4e0179a093ef590adb770e3a961ca5d912b0d,0.1,0.1,0.95,0.010000000000000002,0.1,0.01,50.0,0.04
17fad4bc9b6c5bc123f26e36ae5f08eda977025f,0.1,0.1,0.95,0.010000000000000002,0.1,0.01,150.0,0.04
22874e45fea44459c6ea5bfd1a15c447aa57222a,0.1,0.01,0.95,0.010000000000000002,0.1,0.01,150.0,0.04
29c3aee157da21f1c8f3873b3a2892b61f88c1cc,0.1,0.01,0.95,0.010000000000000002,0.1,0.5,150.0,0.04
c7bad357842932df414c8fc49b940d0ba4d568b2,0.95,0.01,0.1,0.010000000000000002,0.1,0.5,150.0,0.04
1b57f582656af9d54e3f2c6adbdda5838d49a56a,0.95,0.01,0.1,0.001,0.1,0.5,150.0,0.04
7dc675a3494d663a3ccf3c16cc632e588f6c20c8,0.95,0.01,0.1,0.001,0.01,0.5,150.0,0.005
cc6d743980c1071ef9ac1c51b2a0534e5e341869,0.1,0.01,0.1,0.010000000000000002,0.01,0.5,50.0,0.04
0391732c8cb5fd252b996b34e89da8e0f0183d30,0.1,0.01,0.1,0.001,0.01,0.5,50.0,0.04
89b0c22612403503290d1aec06ab475a8c274b21,0.1,0.1,0.1,0.001,0.01,0.5,50.0,0.04
418f0fa603860ad9e308a223ac918b7f931e37e3,0.95,0.1,0.95,0.001,0.01,0.01,50.0,0.005
55a685718429f97481924cb1fd90acca5144ae0c,0.95,0.1,0.95,0.001,0.1,0.01,50.0,0.005
acee52612d4088d6e52474c47611d43ad98ca293,0.95,0.1,0.95,0.001,0.1,0.01,150.0,0.005
6d6f598919e3b80f698d516e04e28c5fbb6a491c,0.1,0.1,0.1,0.001,0.1,0.01,50.0,0.04
c78668574c6ccb703d1e739ff2b13afe0ec6d326,0.1,0.1,0.95,0.001,0.1,0.01,50.0,0.005
e8ba2dfeaebc45042df863b1362b8f869d90ae24,0.95,0.1,0.95,0.010000000000000002,0.01,0.01,50.0,0.005
fee4d8b33129824bbfdb2998cea68acd91e54a27,0.95,0.1,0.95,0.010000000000000002,0.01,0.5,50.0,0.005
5aa650785b30b220fd3fbd1a7a5e5bda9116b4ce,0.95,0.1,0.1,0.010000000000000002,0.1,0.5,150.0,0.005
4532da6e3c40dfe97a1f878f1d56340e38cfc666,0.95,0.01,0.1,0.010000000000000002,0.01,0.5,150.0,0.005
2bf8b386bf4fa8bb2bbe5d064476f4ac18e8411c,0.95,0.01,0.1,0.010000000000000002,0.01,0.01,150.0,0.005
a778b95ad5ae1346d4530d24e4ba4675ac747342,0.1,0.01,0.1,0.010000000000000002,0.01,0.01,150.0,0.005
145a7d734670e36faefb8a782ff411f5e26eaac7,0.1,0.01,0.1,0.010000000000000002,0.01,0.01,50.0,0.005
a92141d3cd2f5ee38e8e2fa1e5849420ac6cf7fd,0.1,0.1,0.95,0.001,0.1,0.01,150.0,0.04
e02c4d13d64cdda9c08b29b7efb9e9277794641f,0.1,0.01,0.95,0.001,0.1,0.01,150.0,0.04
467dcd108563bb286188f5c8ea825d62343980c0,0.95,0.01,0.1,0.001,0.01,0.5,50.0,0.04
bb361b804f1df4e74f5946fff75207308f588919,0.95,0.01,0.1,0.001,0.01,0.5,50.0,0.005
f112db8474d79d7f2a2331089331f898601ac388,0.95,0.01,0.1,0.010000000000000002,0.01,0.5,50.0,0.005
0caf876de4262ddbcaef2fe967124873edeeeaa3,0.1,0.01,0.1,0.010000000000000002,0.1,0.01,50.0,0.005
b9ba83e0360f6a663e75a431f112aa75842ad39c,0.95,0.01,0.1,0.010000000000000002,0.1,0.01,50.0,0.04
8f214c5445e5347511363341ce2a456a74612d23,0.95,0.01,0.1,0.010000000000000002,0.1,0.5,50.0,0.04
83b364a8e94f2c5cc3a493137cb60290d71fc34c,0.95,0.1,0.1,0.010000000000000002,0.1,0.5,50.0,0.04
6d86ac165b9a5da18508639cb36af8e4492608b9,0.95,0.1,0.1,0.010000000000000002,0.01,0.5,50.0,0.04
435b8494c6d9f0c883c18fb64c385dde6206d125,0.95,0.1,0.1,0.001,0.01,0.5,150.0,0.04
b9e49eb3792e47cc466c1b06692f89e399b02f26,0.95,0.1,0.95,0.001,0.01,0.5,150.0,0.04
c4a5a972115ab03d28fdb0b89cfb70e245dd6ff6,0.1,0.1,0.95,0.001,0.01,0.5,50.0,0.005
56af0d0b454f8a5290c09bbcac69474a33a84698,0.1,0.01,0.95,0.001,0.1,0.01,150.0,0.005
4e0bef5c359ae6139c80d6aad5b83c9cf56a3e4f,0.95,0.01,0.95,0.001,0.1,0.01,150.0,0.005
302f15370edc23e4226c0487fcf611f49367267c,0.1,0.01,0.95,0.010000000000000002,0.1,0.5,150.0,0.005
11f0b2077a4a01b3cb93cd51031ea850ce508874,0.1,0.1,0.1,0.010000000000000002,0.1,0.5,150.0,0.005
a6dafe9a7a85578fdb7c4c8a9d8a7e7110f77618,0.1,0.1,0.1,0.010000000000000002,0.1,0.01,150.0,0.005
1f96b2cfa01b2a618e16120e13b01233a34c17c3,0.1,0.1,0.1,0.010000000000000002,0.1,0.01,50.0,0.005
